,0
0,abnormal
1,abnormal
2,abnormal
3,abnormal
4,abnormal
5,abnormal
6,abnormal
7,abnormal
8,abnormal
9,abnormal
10,abnormal
11,abnormal
12,abnormal
13,abnormal
14,abnormal
15,abnormal
16,abnormal
17,abnormal
18,abnormal
19,abnormal
20,abnormal
21,abnormal
22,abnormal
23,abnormal
24,abnormal
25,abnormal
26,abnormal
27,abnormal
28,abnormal
29,abnormal
30,abnormal
31,abnormal
32,abnormal
33,abnormal
34,abnormal
35,abnormal
36,abnormal
37,abnormal
38,abnormal
39,abnormal
40,abnormal
41,abnormal
42,abnormal
43,abnormal
44,abnormal
45,abnormal
46,abnormal
47,abnormal
48,abnormal
49,abnormal
50,abnormal
51,abnormal
52,abnormal
53,abnormal
54,abnormal
55,abnormal
56,abnormal
57,abnormal
58,abnormal
59,abnormal
60,abnormal
61,abnormal
62,abnormal
63,abnormal
64,abnormal
65,abnormal
66,abnormal
67,abnormal
68,abnormal
69,abnormal
70,abnormal
71,abnormal
72,abnormal
73,abnormal
74,abnormal
75,abnormal
76,abnormal
77,abnormal
78,abnormal
79,abnormal
80,abnormal
81,abnormal
82,abnormal
83,abnormal
84,abnormal
85,abnormal
86,abnormal
87,abnormal
88,abnormal
89,abnormal
90,abnormal
91,abnormal
92,abnormal
93,abnormal
94,abnormal
95,abnormal
96,abnormal
97,abnormal
98,abnormal
99,abnormal
100,abnormal
101,abnormal
102,abnormal
103,abnormal
104,abnormal
105,abnormal
106,abnormal
107,abnormal
108,abnormal
109,abnormal
110,abnormal
111,abnormal
112,abnormal
113,abnormal
114,abnormal
115,abnormal
116,abnormal
117,abnormal
118,abnormal
119,normal
120,normal
121,normal
122,normal
123,normal
124,normal
125,normal
126,normal
127,normal
128,normal
129,normal
130,normal
131,normal
132,normal
133,normal
134,normal
135,normal
136,normal
137,normal
138,normal
139,normal
140,normal
141,normal
142,normal
143,normal
144,normal
145,normal
146,normal
147,normal
148,normal
149,normal
150,normal
151,normal
152,normal
153,normal
154,normal
155,normal
156,normal
157,normal
158,normal
159,normal
160,normal
161,normal
162,normal
163,normal
164,normal
165,normal
166,normal
167,normal
168,normal
169,normal
170,normal
171,normal
172,normal
173,normal
174,normal
175,normal
176,normal
177,normal
178,normal
179,normal
180,normal
181,normal
182,normal
183,normal
184,normal
185,normal
186,normal
187,normal
188,normal
189,normal
190,normal
191,normal
192,normal
193,normal
194,normal
195,normal
196,normal
197,normal
198,normal
199,normal
200,normal
201,normal
202,normal
203,normal
204,normal
205,normal
206,normal
207,normal
208,normal
209,normal
210,normal
211,normal
212,normal
213,normal
214,normal
215,normal
216,normal
217,normal
218,normal
219,normal
220,normal
221,normal
222,normal
223,normal
224,normal
225,normal
226,normal
227,normal
228,normal
229,normal
230,normal
231,normal
232,normal
233,normal
234,normal
235,normal
236,normal
237,normal
238,normal
239,normal
240,normal
241,normal
242,normal
243,normal
244,normal
245,normal
246,normal
247,normal
248,normal
249,normal
250,normal
251,normal
252,normal
253,normal
254,normal
255,normal
256,normal
257,normal
258,normal
259,normal
260,normal
261,normal
262,normal
263,normal
264,normal
265,normal
266,normal
267,normal
268,normal
269,normal
270,normal
271,normal
272,normal
273,normal
274,normal
275,normal
276,normal
277,normal
278,normal
279,normal
280,normal
281,normal
282,normal
283,normal
284,normal
285,normal
286,normal
287,normal
288,normal
289,normal
290,normal
291,normal
292,normal
293,normal
294,normal
295,normal
296,normal
297,normal
298,normal
299,normal
300,normal
301,normal
302,normal
303,normal
304,normal
305,normal
306,normal
307,normal
308,normal
309,normal
310,normal
311,normal
312,normal
313,normal
314,normal
315,normal
316,normal
317,normal
318,normal
319,normal
320,normal
321,normal
322,normal
323,normal
324,normal
325,normal
326,normal
327,normal
328,normal
329,normal
330,normal
331,normal
332,normal
333,normal
334,normal
335,normal
336,normal
337,normal
338,normal
339,normal
340,normal
341,normal
342,normal
343,normal
344,normal
345,normal
346,normal
347,normal
348,normal
349,normal
350,normal
351,normal
352,normal
353,normal
354,normal
355,normal
356,normal
357,normal
358,normal
359,normal
360,normal
361,normal
362,normal
363,normal
364,normal
365,normal
366,normal
367,normal
368,normal
369,normal
370,normal
371,normal
372,normal
373,normal
374,normal
375,normal
376,normal
377,normal
378,normal
379,normal
380,normal
381,normal
382,normal
383,normal
384,normal
385,normal
386,normal
387,normal
388,normal
389,normal
390,normal
391,normal
392,normal
393,normal
394,normal
395,normal
396,normal
397,normal
398,normal
399,normal
400,normal
401,normal
402,normal
403,normal
404,normal
405,normal
406,normal
407,normal
408,normal
409,normal
410,normal
411,normal
412,normal
413,normal
414,normal
415,normal
416,normal
417,normal
418,normal
419,normal
420,normal
421,normal
422,normal
423,normal
424,normal
425,normal
426,normal
427,normal
428,normal
429,normal
430,normal
431,normal
432,normal
433,normal
434,normal
435,normal
436,normal
437,normal
438,normal
439,normal
440,normal
441,normal
442,normal
443,normal
444,normal
445,normal
446,normal
447,normal
448,normal
449,normal
450,normal
451,normal
452,normal
453,normal
454,normal
455,normal
456,normal
457,normal
458,normal
459,normal
460,normal
461,normal
462,normal
463,normal
464,normal
465,normal
466,normal
467,normal
468,normal
469,normal
470,normal
471,normal
472,normal
473,normal
474,normal
475,normal
476,normal
477,normal
478,normal
479,normal
480,normal
481,normal
482,normal
483,normal
484,normal
485,normal
486,normal
487,normal
488,normal
489,normal
490,normal
491,normal
492,normal
493,normal
494,normal
495,normal
496,normal
497,normal
498,normal
499,normal
500,normal
501,normal
502,normal
503,normal
504,normal
505,normal
506,normal
507,normal
508,normal
509,normal
510,normal
511,normal
512,normal
513,normal
514,normal
515,normal
516,normal
517,normal
518,normal
519,normal
520,normal
521,normal
522,normal
523,normal
524,normal
525,normal
526,normal
527,normal
528,normal
529,normal
530,normal
531,normal
532,normal
533,normal
534,normal
535,normal
536,normal
537,normal
538,normal
539,normal
540,normal
541,normal
542,normal
543,normal
544,normal
545,normal
546,normal
547,normal
548,normal
549,normal
550,normal
551,normal
552,normal
553,normal
554,normal
555,normal
556,normal
557,normal
558,normal
559,normal
560,normal
561,normal
562,normal
563,normal
564,normal
565,normal
566,normal
567,normal
568,normal
569,normal
570,normal
571,normal
572,normal
573,normal
574,normal
575,normal
576,normal
577,normal
578,normal
579,normal
580,normal
581,normal
582,normal
583,normal
584,normal
585,normal
586,normal
587,normal
588,normal
589,normal
590,normal
591,normal
592,normal
593,normal
594,normal
595,normal
596,normal
597,normal
598,normal
599,normal
600,normal
601,normal
602,normal
603,normal
604,normal
605,normal
606,normal
607,normal
608,normal
609,normal
610,normal
611,normal
612,normal
613,normal
614,normal
615,normal
616,normal
617,normal
618,normal
619,normal
620,normal
621,normal
622,normal
623,normal
624,normal
625,normal
626,normal
627,normal
628,normal
629,normal
630,normal
631,normal
632,normal
633,normal
634,normal
635,normal
636,normal
637,normal
638,normal
639,normal
640,normal
641,normal
642,normal
643,normal
644,normal
645,normal
646,normal
647,normal
648,normal
649,normal
650,normal
651,normal
652,normal
653,normal
654,normal
655,normal
656,normal
657,normal
658,normal
659,normal
660,normal
661,normal
662,normal
663,normal
664,normal
665,normal
666,normal
667,normal
668,normal
669,normal
670,normal
671,normal
672,normal
673,normal
674,normal
675,normal
676,normal
677,normal
678,normal
679,normal
680,normal
681,normal
682,normal
683,normal
684,normal
685,normal
686,normal
687,normal
688,normal
689,normal
690,normal
691,normal
692,normal
693,normal
694,normal
695,normal
696,normal
697,normal
698,normal
699,normal
700,normal
701,normal
702,normal
703,normal
704,normal
705,normal
706,normal
707,normal
708,normal
709,normal
710,normal
711,normal
712,normal
713,normal
714,normal
715,normal
716,normal
717,normal
718,normal
719,normal
720,normal
721,normal
722,normal
723,normal
724,normal
725,normal
726,normal
727,normal
728,normal
729,normal
730,normal
731,normal
732,normal
733,normal
734,normal
735,normal
736,normal
737,normal
738,normal
739,normal
740,normal
741,normal
742,normal
743,normal
744,normal
745,normal
746,normal
747,normal
748,normal
749,normal
750,normal
751,normal
752,normal
753,normal
754,normal
755,normal
756,normal
757,normal
758,normal
759,normal
760,normal
761,normal
762,normal
763,normal
764,normal
765,normal
766,normal
767,normal
768,normal
769,normal
770,normal
771,normal
772,normal
773,normal
774,normal
775,normal
776,normal
777,normal
778,normal
779,normal
780,normal
781,normal
782,normal
783,normal
784,normal
785,normal
786,normal
787,normal
788,normal
789,normal
790,normal
791,normal
792,normal
793,normal
794,normal
795,normal
796,normal
797,normal
798,normal
799,normal
800,normal
801,normal
802,normal
803,normal
804,normal
805,normal
806,normal
807,normal
808,normal
809,normal
810,normal
811,normal
812,normal
813,normal
814,normal
815,normal
816,normal
817,normal
818,normal
819,normal
820,normal
821,normal
822,normal
823,normal
824,normal
825,normal
826,normal
827,normal
828,normal
829,normal
830,normal
831,normal
832,normal
833,normal
834,normal
835,normal
836,normal
837,normal
838,normal
839,normal
840,normal
841,normal
842,normal
843,normal
844,normal
845,normal
846,normal
847,normal
848,normal
849,normal
850,normal
851,normal
852,normal
853,normal
854,normal
855,normal
856,normal
857,normal
858,normal
859,normal
860,normal
861,normal
862,normal
863,normal
864,normal
865,normal
866,normal
867,normal
868,normal
869,normal
870,normal
871,normal
872,normal
873,normal
874,normal
875,normal
876,normal
877,normal
878,normal
879,normal
880,normal
881,normal
882,normal
883,normal
884,normal
885,normal
886,normal
887,normal
888,normal
889,normal
890,normal
891,normal
892,normal
893,normal
894,normal
895,normal
896,normal
897,normal
898,normal
899,normal
900,normal
901,normal
902,normal
903,normal
904,normal
905,normal
906,normal
907,normal
908,normal
909,normal
910,normal
911,normal
912,normal
913,normal
914,normal
915,normal
916,normal
917,normal
918,normal
919,normal
920,normal
921,normal
922,normal
923,normal
924,normal
925,normal
926,normal
927,normal
928,normal
929,normal
930,normal
931,normal
932,normal
933,normal
934,normal
935,normal
936,normal
937,normal
938,normal
939,normal
940,normal
941,normal
942,normal
943,normal
944,normal
945,normal
946,normal
947,normal
948,normal
949,normal
950,normal
951,normal
952,normal
953,normal
954,normal
955,normal
956,normal
957,normal
958,normal
959,normal
960,normal
961,normal
962,normal
963,normal
964,normal
965,normal
966,normal
967,normal
968,normal
969,normal
970,normal
971,normal
972,normal
973,normal
974,normal
975,normal
976,normal
977,normal
978,normal
979,normal
980,normal
981,normal
982,normal
983,normal
984,normal
985,normal
986,normal
987,normal
988,normal
989,normal
990,normal
991,normal
992,normal
993,normal
994,normal
995,normal
996,normal
997,normal
998,normal
999,normal
1000,normal
1001,normal
1002,normal
1003,normal
1004,normal
1005,normal
1006,normal
1007,normal
1008,normal
1009,normal
1010,normal
1011,normal
1012,normal
1013,normal
1014,normal
1015,normal
1016,normal
1017,normal
1018,normal
1019,normal
1020,normal
1021,normal
1022,normal
1023,normal
1024,normal
1025,normal
1026,normal
1027,normal
1028,normal
1029,normal
1030,normal
1031,normal
1032,normal
1033,normal
1034,normal
1035,normal
1036,normal
1037,normal
1038,normal
1039,normal
1040,normal
1041,normal
1042,normal
1043,normal
1044,normal
1045,normal
1046,normal
1047,normal
1048,normal
1049,normal
1050,normal
1051,normal
1052,normal
1053,normal
1054,normal
1055,normal
1056,normal
1057,normal
1058,normal
1059,normal
1060,normal
1061,normal
1062,normal
1063,normal
1064,normal
1065,normal
1066,normal
1067,normal
1068,normal
1069,normal
1070,normal
1071,normal
1072,normal
1073,normal
1074,normal
1075,normal
1076,normal
1077,normal
1078,normal
1079,normal
1080,normal
1081,normal
1082,normal
1083,normal
1084,normal
1085,normal
1086,normal
1087,normal
1088,normal
1089,normal
1090,normal
1091,normal
1092,normal
1093,normal
1094,normal
1095,normal
1096,normal
1097,normal
1098,normal
1099,normal
1100,normal
1101,normal
1102,normal
1103,normal
1104,normal
1105,normal
1106,normal
1107,normal
1108,normal
1109,normal
1110,abnormal
1111,abnormal
1112,abnormal
1113,abnormal
1114,abnormal
1115,abnormal
1116,abnormal
1117,abnormal
1118,abnormal
1119,abnormal
1120,abnormal
1121,abnormal
1122,abnormal
1123,abnormal
1124,abnormal
1125,abnormal
1126,abnormal
1127,abnormal
1128,abnormal
1129,abnormal
1130,abnormal
1131,abnormal
1132,abnormal
1133,abnormal
1134,abnormal
1135,abnormal
1136,abnormal
1137,abnormal
1138,abnormal
1139,abnormal
1140,abnormal
1141,abnormal
1142,abnormal
1143,abnormal
1144,abnormal
1145,abnormal
1146,abnormal
1147,abnormal
1148,abnormal
1149,abnormal
1150,abnormal
1151,abnormal
1152,abnormal
1153,abnormal
1154,abnormal
1155,abnormal
1156,abnormal
1157,abnormal
1158,abnormal
1159,abnormal
1160,abnormal
1161,abnormal
1162,abnormal
1163,abnormal
1164,abnormal
1165,abnormal
1166,abnormal
1167,abnormal
1168,abnormal
1169,abnormal
1170,abnormal
1171,abnormal
1172,abnormal
1173,abnormal
1174,abnormal
1175,abnormal
1176,abnormal
1177,abnormal
1178,abnormal
1179,abnormal
1180,abnormal
1181,abnormal
1182,abnormal
1183,abnormal
1184,abnormal
1185,abnormal
1186,abnormal
1187,abnormal
1188,abnormal
1189,abnormal
1190,abnormal
1191,abnormal
1192,abnormal
1193,abnormal
1194,abnormal
1195,abnormal
1196,abnormal
1197,abnormal
1198,abnormal
1199,abnormal
1200,abnormal
1201,abnormal
1202,abnormal
1203,abnormal
1204,abnormal
1205,abnormal
1206,abnormal
1207,abnormal
1208,abnormal
1209,abnormal
1210,abnormal
1211,abnormal
1212,abnormal
1213,abnormal
1214,abnormal
1215,abnormal
1216,abnormal
1217,abnormal
1218,abnormal
1219,abnormal
1220,abnormal
1221,abnormal
1222,abnormal
1223,abnormal
1224,abnormal
1225,abnormal
1226,abnormal
1227,abnormal
1228,abnormal
1229,abnormal
1230,normal
1231,normal
1232,normal
1233,normal
1234,normal
1235,normal
1236,normal
1237,normal
1238,normal
1239,normal
1240,normal
1241,normal
1242,normal
1243,normal
1244,normal
1245,normal
1246,normal
1247,normal
1248,normal
1249,normal
1250,normal
1251,normal
1252,normal
1253,normal
1254,normal
1255,normal
1256,normal
1257,normal
1258,normal
1259,normal
1260,normal
1261,normal
1262,normal
1263,normal
1264,normal
1265,normal
1266,normal
1267,normal
1268,normal
1269,normal
1270,normal
1271,normal
1272,normal
1273,normal
1274,normal
1275,normal
1276,normal
1277,normal
1278,normal
1279,normal
1280,normal
1281,normal
1282,normal
1283,normal
1284,normal
1285,normal
1286,normal
1287,normal
1288,normal
1289,normal
1290,normal
1291,normal
1292,normal
1293,normal
1294,normal
1295,normal
1296,normal
1297,normal
1298,normal
1299,normal
1300,normal
1301,normal
1302,normal
1303,normal
1304,normal
1305,normal
1306,normal
1307,normal
1308,normal
1309,normal
1310,normal
1311,normal
1312,normal
1313,normal
1314,normal
1315,normal
1316,normal
1317,normal
1318,normal
1319,normal
1320,normal
1321,normal
1322,normal
1323,normal
1324,normal
1325,normal
1326,normal
1327,normal
1328,normal
1329,normal
1330,normal
1331,normal
1332,normal
1333,normal
1334,normal
1335,normal
1336,normal
1337,normal
1338,normal
1339,normal
1340,normal
1341,normal
1342,normal
1343,normal
1344,normal
1345,normal
1346,normal
1347,normal
1348,normal
1349,normal
1350,normal
1351,normal
1352,normal
1353,normal
1354,normal
1355,normal
1356,normal
1357,normal
1358,normal
1359,normal
1360,normal
1361,normal
1362,normal
1363,normal
1364,normal
1365,normal
1366,normal
1367,normal
1368,normal
1369,normal
1370,normal
1371,normal
1372,normal
1373,normal
1374,normal
1375,normal
1376,normal
1377,normal
1378,normal
1379,normal
1380,normal
1381,normal
1382,normal
1383,normal
1384,normal
1385,normal
1386,normal
1387,normal
1388,normal
1389,normal
1390,normal
1391,normal
1392,normal
1393,normal
1394,normal
1395,normal
1396,normal
1397,normal
1398,normal
1399,normal
1400,normal
1401,normal
1402,normal
1403,normal
1404,normal
1405,normal
1406,normal
1407,normal
1408,normal
1409,normal
1410,normal
1411,normal
1412,normal
1413,normal
1414,normal
1415,normal
1416,normal
1417,normal
1418,normal
1419,normal
1420,normal
1421,normal
1422,normal
1423,normal
1424,normal
1425,normal
1426,normal
1427,normal
1428,normal
1429,normal
1430,normal
1431,normal
1432,normal
1433,normal
1434,normal
1435,normal
1436,normal
1437,normal
1438,normal
1439,normal
1440,normal
1441,normal
1442,normal
1443,normal
1444,normal
1445,normal
1446,normal
1447,normal
1448,normal
1449,normal
1450,normal
1451,normal
1452,normal
1453,normal
1454,normal
1455,normal
1456,normal
1457,normal
1458,normal
1459,normal
1460,normal
1461,normal
1462,normal
1463,normal
1464,normal
1465,normal
1466,normal
1467,normal
1468,normal
1469,normal
1470,normal
1471,normal
1472,normal
1473,normal
1474,normal
1475,normal
1476,normal
1477,normal
1478,normal
1479,normal
1480,normal
1481,normal
1482,normal
1483,normal
1484,normal
1485,normal
1486,normal
1487,normal
1488,normal
1489,normal
1490,normal
1491,normal
1492,normal
1493,normal
1494,normal
1495,normal
1496,normal
1497,normal
1498,normal
1499,normal
1500,normal
1501,normal
1502,normal
1503,normal
1504,normal
1505,normal
1506,normal
1507,normal
1508,normal
1509,normal
1510,normal
1511,normal
1512,normal
1513,normal
1514,normal
1515,normal
1516,normal
1517,normal
1518,normal
1519,normal
1520,normal
1521,normal
1522,normal
1523,normal
1524,normal
1525,normal
1526,normal
1527,normal
1528,normal
1529,normal
1530,normal
1531,normal
1532,normal
1533,normal
1534,normal
1535,normal
1536,normal
1537,normal
1538,normal
1539,normal
1540,normal
1541,normal
1542,normal
1543,normal
1544,normal
1545,normal
1546,normal
1547,normal
1548,normal
1549,normal
1550,normal
1551,normal
1552,normal
1553,normal
1554,normal
1555,normal
1556,normal
1557,normal
1558,normal
1559,normal
1560,normal
1561,normal
1562,normal
1563,normal
1564,normal
1565,normal
1566,normal
1567,normal
1568,normal
1569,normal
1570,normal
1571,normal
1572,normal
1573,normal
1574,normal
1575,normal
1576,normal
1577,normal
1578,normal
1579,normal
1580,normal
1581,normal
1582,normal
1583,normal
1584,normal
1585,normal
1586,normal
1587,normal
1588,normal
1589,normal
1590,normal
1591,normal
1592,normal
1593,normal
1594,normal
1595,normal
1596,normal
1597,normal
1598,normal
1599,normal
1600,normal
1601,normal
1602,normal
1603,normal
1604,normal
1605,normal
1606,normal
1607,normal
1608,normal
1609,normal
1610,normal
1611,normal
1612,normal
1613,normal
1614,normal
1615,normal
1616,normal
1617,normal
1618,normal
1619,normal
1620,normal
1621,normal
1622,normal
1623,normal
1624,normal
1625,normal
1626,normal
1627,normal
1628,normal
1629,normal
1630,normal
1631,normal
1632,normal
1633,normal
1634,normal
1635,normal
1636,normal
1637,normal
1638,normal
1639,normal
1640,normal
1641,normal
1642,normal
1643,normal
1644,normal
1645,normal
1646,normal
1647,normal
1648,normal
1649,normal
1650,normal
1651,normal
1652,normal
1653,normal
1654,normal
1655,normal
1656,normal
1657,normal
1658,normal
1659,normal
1660,normal
1661,normal
1662,normal
1663,normal
1664,normal
1665,normal
1666,normal
1667,normal
1668,normal
1669,normal
1670,normal
1671,normal
1672,normal
1673,normal
1674,normal
1675,normal
1676,normal
1677,normal
1678,normal
1679,normal
1680,normal
1681,normal
1682,normal
1683,normal
1684,normal
1685,normal
1686,normal
1687,normal
1688,normal
1689,normal
1690,normal
1691,normal
1692,normal
1693,normal
1694,normal
1695,normal
1696,normal
1697,normal
1698,normal
1699,normal
1700,normal
1701,normal
1702,normal
1703,normal
1704,normal
1705,normal
1706,normal
1707,normal
1708,normal
1709,normal
1710,normal
1711,normal
1712,normal
1713,normal
1714,normal
1715,normal
1716,normal
1717,normal
1718,normal
1719,normal
1720,normal
1721,normal
1722,normal
1723,normal
1724,normal
1725,normal
1726,normal
1727,normal
1728,normal
1729,normal
1730,normal
1731,normal
1732,normal
1733,normal
1734,normal
1735,normal
1736,normal
1737,normal
1738,normal
1739,normal
1740,normal
1741,normal
1742,normal
1743,normal
1744,normal
1745,normal
1746,normal
1747,normal
1748,normal
1749,normal
1750,normal
1751,normal
1752,normal
1753,normal
1754,normal
1755,normal
1756,normal
1757,normal
1758,normal
1759,normal
1760,normal
1761,normal
1762,normal
1763,normal
1764,normal
1765,normal
1766,normal
1767,normal
1768,normal
1769,normal
1770,normal
1771,normal
1772,normal
1773,normal
1774,normal
1775,normal
1776,normal
1777,normal
1778,normal
1779,normal
1780,normal
1781,normal
1782,normal
1783,normal
1784,normal
1785,normal
1786,normal
1787,normal
1788,normal
1789,normal
1790,normal
1791,normal
1792,normal
1793,normal
1794,normal
1795,normal
1796,normal
1797,normal
1798,normal
1799,normal
1800,normal
1801,normal
1802,normal
1803,normal
1804,normal
1805,normal
1806,normal
1807,normal
1808,normal
1809,normal
1810,normal
1811,normal
1812,normal
1813,normal
1814,normal
1815,normal
1816,normal
1817,normal
1818,normal
1819,normal
1820,normal
1821,normal
1822,normal
1823,normal
1824,normal
1825,normal
1826,normal
1827,normal
1828,normal
1829,normal
1830,normal
1831,normal
1832,normal
1833,normal
1834,normal
1835,normal
1836,normal
1837,normal
1838,normal
1839,normal
1840,normal
1841,normal
1842,normal
1843,normal
1844,normal
1845,normal
1846,normal
1847,normal
1848,normal
1849,normal
1850,normal
1851,normal
1852,normal
1853,normal
1854,normal
1855,normal
1856,normal
1857,normal
1858,normal
1859,normal
1860,normal
1861,normal
1862,normal
1863,normal
1864,normal
1865,normal
1866,normal
1867,normal
1868,normal
1869,normal
1870,normal
1871,normal
1872,normal
1873,normal
1874,normal
1875,normal
1876,normal
1877,normal
1878,normal
1879,normal
1880,normal
1881,normal
1882,normal
1883,normal
1884,normal
1885,normal
1886,normal
1887,normal
1888,normal
1889,normal
1890,normal
1891,normal
1892,normal
1893,normal
1894,normal
1895,normal
1896,normal
1897,normal
1898,normal
1899,normal
1900,normal
1901,normal
1902,normal
1903,normal
1904,normal
1905,normal
1906,normal
1907,normal
1908,normal
1909,normal
1910,normal
1911,normal
1912,normal
1913,normal
1914,normal
1915,normal
1916,normal
1917,normal
1918,normal
1919,normal
1920,normal
1921,normal
1922,normal
1923,normal
1924,normal
1925,normal
1926,normal
1927,normal
1928,normal
1929,normal
1930,normal
1931,normal
1932,normal
1933,normal
1934,normal
1935,normal
1936,normal
1937,normal
1938,abnormal
1939,abnormal
1940,abnormal
1941,abnormal
1942,abnormal
1943,abnormal
1944,abnormal
1945,abnormal
1946,abnormal
1947,abnormal
1948,abnormal
1949,abnormal
1950,abnormal
1951,abnormal
1952,abnormal
1953,abnormal
1954,abnormal
1955,abnormal
1956,abnormal
1957,abnormal
1958,abnormal
1959,abnormal
1960,abnormal
1961,abnormal
1962,abnormal
1963,abnormal
1964,abnormal
1965,abnormal
1966,abnormal
1967,abnormal
1968,abnormal
1969,abnormal
1970,abnormal
1971,abnormal
1972,abnormal
1973,abnormal
1974,abnormal
1975,abnormal
1976,abnormal
1977,abnormal
1978,abnormal
1979,abnormal
1980,abnormal
1981,abnormal
1982,abnormal
1983,abnormal
1984,abnormal
1985,abnormal
1986,abnormal
1987,abnormal
1988,abnormal
1989,abnormal
1990,abnormal
1991,abnormal
1992,abnormal
1993,abnormal
1994,abnormal
1995,abnormal
1996,abnormal
1997,abnormal
1998,abnormal
1999,abnormal
2000,abnormal
2001,abnormal
2002,abnormal
2003,abnormal
2004,abnormal
2005,abnormal
2006,abnormal
2007,abnormal
2008,abnormal
2009,abnormal
2010,abnormal
2011,abnormal
2012,abnormal
2013,abnormal
2014,abnormal
2015,abnormal
2016,abnormal
2017,abnormal
2018,abnormal
2019,abnormal
2020,abnormal
2021,abnormal
2022,abnormal
2023,abnormal
2024,abnormal
2025,abnormal
2026,abnormal
2027,abnormal
2028,abnormal
2029,abnormal
2030,abnormal
2031,abnormal
2032,abnormal
2033,abnormal
2034,abnormal
2035,abnormal
2036,abnormal
2037,abnormal
2038,abnormal
2039,abnormal
2040,abnormal
2041,abnormal
2042,abnormal
2043,abnormal
2044,abnormal
2045,abnormal
2046,abnormal
2047,abnormal
2048,abnormal
2049,abnormal
2050,abnormal
2051,abnormal
2052,abnormal
2053,abnormal
2054,abnormal
2055,abnormal
2056,abnormal
2057,abnormal
2058,normal
2059,normal
2060,normal
2061,normal
2062,normal
2063,normal
2064,normal
2065,normal
2066,normal
2067,normal
2068,normal
2069,normal
2070,normal
2071,normal
2072,normal
2073,normal
2074,normal
2075,normal
2076,normal
2077,normal
2078,normal
2079,normal
2080,normal
2081,normal
2082,normal
2083,normal
2084,normal
2085,normal
2086,normal
2087,normal
2088,normal
2089,normal
2090,normal
2091,normal
2092,normal
2093,normal
2094,normal
2095,normal
2096,normal
2097,normal
2098,normal
2099,normal
2100,normal
2101,normal
2102,normal
2103,normal
2104,normal
2105,normal
2106,normal
2107,normal
2108,normal
2109,normal
2110,normal
2111,normal
2112,normal
2113,normal
2114,normal
2115,normal
2116,normal
2117,normal
2118,normal
2119,normal
2120,normal
2121,normal
2122,normal
2123,normal
2124,normal
2125,normal
2126,normal
2127,normal
2128,normal
2129,normal
2130,normal
2131,normal
2132,normal
2133,normal
2134,normal
2135,normal
2136,normal
2137,normal
2138,normal
2139,normal
2140,normal
2141,normal
2142,normal
2143,normal
2144,normal
2145,normal
2146,normal
2147,normal
2148,normal
2149,normal
2150,normal
2151,normal
2152,normal
2153,normal
2154,normal
2155,normal
2156,normal
2157,normal
2158,normal
2159,normal
2160,normal
2161,normal
2162,normal
2163,normal
2164,normal
2165,normal
2166,normal
2167,normal
2168,normal
2169,normal
2170,normal
2171,normal
2172,normal
2173,normal
2174,normal
2175,normal
2176,normal
2177,normal
2178,normal
2179,normal
2180,normal
2181,normal
2182,normal
2183,normal
2184,normal
2185,normal
2186,normal
2187,normal
2188,normal
2189,normal
2190,normal
2191,normal
2192,normal
2193,normal
2194,normal
2195,normal
2196,normal
2197,normal
2198,normal
2199,normal
2200,normal
2201,normal
2202,normal
2203,normal
2204,normal
2205,normal
2206,normal
2207,normal
2208,normal
2209,normal
2210,normal
2211,normal
2212,normal
2213,normal
2214,normal
2215,normal
2216,normal
2217,normal
2218,normal
2219,normal
2220,normal
2221,normal
2222,normal
2223,normal
2224,normal
2225,normal
2226,normal
2227,normal
2228,normal
2229,normal
2230,normal
2231,normal
2232,normal
2233,normal
2234,normal
2235,normal
2236,normal
2237,normal
2238,normal
2239,normal
2240,normal
2241,normal
2242,normal
2243,normal
2244,normal
2245,normal
2246,normal
2247,normal
2248,normal
2249,normal
2250,normal
2251,normal
2252,normal
2253,normal
2254,normal
2255,normal
2256,normal
2257,normal
2258,normal
2259,normal
2260,normal
2261,normal
2262,normal
2263,normal
2264,normal
2265,normal
2266,normal
2267,normal
2268,normal
2269,normal
2270,normal
2271,normal
2272,normal
2273,normal
2274,normal
2275,normal
2276,normal
2277,normal
2278,normal
2279,normal
2280,normal
2281,normal
2282,normal
2283,normal
2284,normal
2285,normal
2286,normal
2287,normal
2288,normal
2289,normal
2290,normal
2291,normal
2292,normal
2293,normal
2294,normal
2295,normal
2296,normal
2297,normal
2298,normal
2299,normal
2300,normal
2301,normal
2302,normal
2303,normal
2304,normal
2305,normal
2306,normal
2307,normal
2308,normal
2309,normal
2310,normal
2311,normal
2312,normal
2313,normal
2314,normal
2315,normal
2316,normal
2317,normal
2318,normal
2319,normal
2320,normal
2321,normal
2322,normal
2323,normal
2324,normal
2325,normal
2326,normal
2327,normal
2328,normal
2329,normal
2330,normal
2331,normal
2332,normal
2333,normal
2334,normal
2335,normal
2336,normal
2337,normal
2338,normal
2339,normal
2340,normal
2341,normal
2342,normal
2343,normal
2344,normal
2345,normal
2346,normal
2347,normal
2348,normal
2349,normal
2350,normal
2351,normal
2352,normal
2353,normal
2354,normal
2355,normal
2356,normal
2357,normal
2358,normal
2359,normal
2360,normal
2361,normal
2362,normal
2363,normal
2364,normal
2365,normal
2366,normal
2367,normal
2368,normal
2369,normal
2370,normal
2371,normal
2372,normal
2373,normal
2374,normal
2375,normal
2376,normal
2377,normal
2378,normal
2379,normal
2380,normal
2381,normal
2382,normal
2383,normal
2384,normal
2385,normal
2386,normal
2387,normal
2388,normal
2389,normal
2390,normal
2391,normal
2392,normal
2393,normal
2394,normal
2395,normal
2396,normal
2397,normal
2398,normal
2399,normal
2400,normal
2401,normal
2402,normal
2403,normal
2404,normal
2405,normal
2406,normal
2407,normal
2408,normal
2409,normal
2410,normal
2411,normal
2412,normal
2413,normal
2414,normal
2415,normal
2416,normal
2417,normal
2418,normal
2419,normal
2420,normal
2421,normal
2422,normal
2423,normal
2424,normal
2425,normal
2426,normal
2427,normal
2428,normal
2429,normal
2430,normal
2431,normal
2432,normal
2433,normal
2434,normal
2435,normal
2436,normal
2437,normal
2438,normal
2439,normal
2440,normal
2441,normal
2442,normal
2443,normal
2444,normal
2445,normal
2446,normal
2447,normal
2448,normal
2449,normal
2450,normal
2451,normal
2452,normal
2453,normal
2454,normal
2455,normal
2456,normal
2457,normal
2458,normal
2459,normal
2460,normal
2461,normal
2462,normal
2463,normal
2464,normal
2465,normal
2466,normal
2467,normal
2468,normal
2469,normal
2470,normal
2471,normal
2472,normal
2473,normal
2474,normal
2475,normal
2476,normal
2477,normal
2478,normal
2479,normal
2480,normal
2481,normal
2482,normal
2483,normal
2484,normal
2485,normal
2486,normal
2487,normal
2488,normal
2489,normal
2490,normal
2491,normal
2492,normal
2493,normal
2494,normal
2495,normal
2496,normal
2497,normal
2498,normal
2499,normal
2500,normal
2501,normal
2502,normal
2503,normal
2504,normal
2505,normal
2506,normal
2507,normal
2508,normal
2509,normal
2510,normal
2511,normal
2512,normal
2513,normal
2514,normal
2515,normal
2516,normal
2517,normal
2518,normal
2519,normal
2520,normal
2521,normal
2522,normal
2523,normal
2524,normal
2525,normal
2526,normal
2527,normal
2528,normal
2529,normal
2530,normal
2531,normal
2532,normal
2533,normal
2534,normal
2535,normal
2536,normal
2537,normal
2538,normal
2539,normal
2540,normal
2541,normal
2542,normal
2543,normal
2544,normal
2545,normal
2546,normal
2547,normal
2548,normal
2549,normal
2550,normal
2551,normal
2552,normal
2553,normal
2554,normal
2555,normal
2556,normal
2557,normal
2558,normal
2559,normal
2560,normal
2561,normal
2562,normal
2563,normal
2564,normal
2565,normal
2566,normal
2567,normal
2568,normal
2569,normal
2570,normal
2571,normal
2572,normal
2573,normal
2574,normal
2575,normal
2576,normal
2577,normal
2578,normal
2579,normal
2580,normal
2581,normal
2582,normal
2583,normal
2584,normal
2585,normal
2586,normal
2587,normal
2588,normal
2589,normal
2590,normal
2591,normal
2592,normal
2593,normal
2594,normal
2595,normal
2596,normal
2597,normal
2598,normal
2599,normal
2600,normal
2601,normal
2602,normal
2603,normal
2604,normal
2605,normal
2606,normal
2607,normal
2608,normal
2609,normal
2610,normal
2611,normal
2612,normal
2613,normal
2614,normal
2615,normal
2616,normal
2617,normal
2618,normal
2619,normal
2620,normal
2621,normal
2622,normal
2623,normal
2624,normal
2625,normal
2626,normal
2627,normal
2628,normal
2629,normal
2630,normal
2631,normal
2632,normal
2633,normal
2634,normal
2635,normal
2636,normal
2637,normal
2638,normal
2639,normal
2640,normal
2641,normal
2642,normal
2643,normal
2644,normal
2645,normal
2646,normal
2647,normal
2648,normal
2649,normal
2650,normal
2651,normal
2652,normal
2653,normal
2654,normal
2655,normal
2656,normal
2657,normal
2658,normal
2659,normal
2660,normal
2661,normal
2662,normal
2663,normal
2664,normal
2665,normal
2666,normal
2667,normal
2668,normal
2669,normal
2670,normal
2671,normal
2672,normal
2673,normal
2674,normal
2675,normal
2676,normal
2677,normal
2678,normal
2679,normal
2680,normal
2681,normal
2682,normal
2683,normal
2684,normal
2685,normal
2686,normal
2687,normal
2688,normal
2689,normal
2690,normal
2691,normal
2692,normal
2693,normal
2694,normal
2695,normal
2696,normal
2697,normal
2698,normal
2699,normal
2700,normal
2701,normal
2702,normal
2703,normal
2704,normal
2705,normal
2706,normal
2707,normal
2708,normal
2709,normal
2710,normal
2711,normal
2712,normal
2713,normal
2714,normal
2715,normal
2716,normal
2717,normal
2718,normal
2719,normal
2720,normal
2721,normal
2722,normal
2723,normal
2724,normal
2725,normal
2726,normal
2727,normal
2728,normal
2729,normal
2730,normal
2731,normal
2732,normal
2733,normal
2734,normal
2735,normal
2736,normal
2737,normal
2738,normal
2739,normal
2740,normal
2741,normal
2742,normal
2743,normal
2744,normal
2745,normal
2746,normal
2747,normal
2748,normal
2749,normal
2750,normal
2751,normal
2752,normal
2753,normal
2754,normal
2755,normal
2756,normal
2757,normal
2758,normal
2759,normal
2760,normal
2761,normal
2762,normal
2763,normal
2764,normal
2765,normal
2766,normal
2767,normal
2768,normal
2769,normal
2770,normal
2771,normal
2772,normal
2773,normal
2774,normal
2775,normal
2776,normal
2777,normal
2778,normal
2779,normal
2780,normal
2781,normal
2782,normal
2783,normal
2784,normal
2785,normal
2786,normal
2787,normal
2788,normal
2789,normal
2790,normal
2791,normal
2792,normal
2793,normal
2794,normal
2795,normal
2796,normal
2797,normal
2798,normal
2799,normal
2800,normal
2801,normal
2802,normal
2803,normal
2804,normal
2805,normal
2806,normal
2807,normal
2808,normal
2809,normal
2810,normal
2811,normal
2812,normal
2813,normal
2814,normal
2815,normal
2816,normal
2817,normal
2818,normal
2819,normal
2820,normal
2821,normal
2822,normal
2823,normal
2824,normal
2825,normal
2826,normal
2827,normal
2828,normal
2829,normal
2830,normal
2831,normal
2832,normal
2833,normal
2834,normal
2835,normal
2836,normal
2837,normal
2838,normal
2839,normal
2840,normal
2841,normal
2842,normal
2843,normal
2844,normal
2845,normal
2846,normal
2847,normal
2848,normal
2849,normal
2850,normal
2851,normal
2852,normal
2853,normal
2854,normal
2855,normal
2856,normal
2857,normal
2858,normal
2859,normal
2860,normal
2861,normal
2862,normal
2863,normal
2864,normal
2865,normal
2866,normal
2867,normal
2868,normal
2869,normal
2870,normal
2871,normal
2872,normal
2873,normal
2874,normal
2875,normal
2876,normal
2877,normal
2878,normal
2879,normal
2880,normal
2881,normal
2882,normal
2883,normal
2884,normal
2885,normal
2886,normal
2887,normal
2888,normal
2889,normal
2890,normal
2891,normal
2892,normal
2893,normal
2894,normal
2895,normal
2896,normal
2897,normal
2898,normal
2899,normal
2900,normal
2901,normal
2902,normal
2903,normal
2904,normal
2905,normal
2906,normal
2907,normal
2908,normal
2909,normal
2910,normal
2911,normal
2912,normal
2913,normal
2914,normal
2915,normal
2916,normal
2917,normal
2918,normal
2919,normal
2920,normal
2921,normal
2922,normal
2923,normal
2924,normal
2925,normal
2926,normal
2927,normal
2928,normal
2929,normal
2930,normal
2931,normal
2932,normal
2933,normal
2934,normal
2935,normal
2936,normal
2937,normal
2938,normal
2939,normal
2940,normal
2941,normal
2942,normal
2943,normal
2944,normal
2945,normal
2946,normal
2947,normal
2948,normal
2949,normal
2950,normal
2951,normal
2952,normal
2953,normal
2954,normal
2955,normal
2956,normal
2957,normal
2958,normal
2959,normal
2960,normal
2961,normal
2962,normal
2963,normal
2964,normal
2965,normal
2966,normal
2967,normal
2968,normal
2969,normal
2970,normal
2971,normal
2972,normal
2973,normal
2974,normal
2975,normal
2976,normal
2977,normal
2978,normal
2979,normal
2980,normal
2981,normal
2982,normal
2983,normal
2984,normal
2985,normal
2986,normal
2987,normal
2988,normal
2989,normal
2990,normal
2991,normal
2992,normal
2993,normal
2994,normal
2995,normal
2996,normal
2997,normal
2998,normal
2999,normal
3000,normal
3001,normal
3002,normal
3003,normal
3004,normal
3005,normal
3006,normal
3007,normal
3008,normal
3009,normal
3010,normal
3011,normal
3012,normal
3013,normal
3014,normal
3015,normal
3016,normal
3017,normal
3018,normal
3019,normal
3020,normal
3021,normal
3022,normal
3023,normal
3024,normal
3025,normal
3026,normal
3027,normal
3028,normal
3029,normal
3030,normal
3031,normal
3032,normal
3033,normal
3034,normal
3035,normal
3036,normal
3037,normal
3038,normal
3039,normal
3040,normal
3041,normal
3042,normal
3043,normal
3044,normal
3045,normal
3046,normal
3047,normal
3048,normal
3049,normal
3050,normal
3051,normal
3052,normal
3053,normal
3054,normal
3055,normal
3056,normal
3057,normal
3058,abnormal
3059,abnormal
3060,abnormal
3061,abnormal
3062,abnormal
3063,abnormal
3064,abnormal
3065,abnormal
3066,abnormal
3067,abnormal
3068,abnormal
3069,abnormal
3070,abnormal
3071,abnormal
3072,abnormal
3073,abnormal
3074,abnormal
3075,abnormal
3076,abnormal
3077,abnormal
3078,abnormal
3079,abnormal
3080,abnormal
3081,abnormal
3082,abnormal
3083,abnormal
3084,abnormal
3085,abnormal
3086,abnormal
3087,abnormal
3088,abnormal
3089,abnormal
3090,abnormal
3091,abnormal
3092,abnormal
3093,abnormal
3094,abnormal
3095,abnormal
3096,abnormal
3097,abnormal
3098,abnormal
3099,abnormal
3100,abnormal
3101,abnormal
3102,abnormal
3103,abnormal
3104,abnormal
3105,abnormal
3106,abnormal
3107,abnormal
3108,abnormal
3109,abnormal
3110,abnormal
3111,abnormal
3112,abnormal
3113,abnormal
3114,abnormal
3115,abnormal
3116,abnormal
3117,abnormal
3118,abnormal
3119,abnormal
3120,abnormal
3121,abnormal
3122,abnormal
3123,abnormal
3124,abnormal
3125,abnormal
3126,abnormal
3127,abnormal
3128,abnormal
3129,abnormal
3130,abnormal
3131,abnormal
3132,abnormal
3133,abnormal
3134,abnormal
3135,abnormal
3136,abnormal
3137,abnormal
3138,abnormal
3139,abnormal
3140,abnormal
3141,abnormal
3142,abnormal
3143,abnormal
3144,abnormal
3145,abnormal
3146,abnormal
3147,abnormal
3148,abnormal
3149,abnormal
3150,abnormal
3151,abnormal
3152,abnormal
3153,abnormal
3154,abnormal
3155,abnormal
3156,abnormal
3157,abnormal
3158,abnormal
3159,abnormal
3160,abnormal
3161,abnormal
3162,abnormal
3163,abnormal
3164,abnormal
3165,abnormal
3166,abnormal
3167,abnormal
3168,abnormal
3169,abnormal
3170,abnormal
3171,abnormal
3172,abnormal
3173,abnormal
3174,abnormal
3175,abnormal
3176,abnormal
3177,abnormal
3178,normal
3179,normal
3180,normal
3181,normal
3182,normal
3183,normal
3184,normal
3185,normal
3186,normal
3187,normal
3188,normal
3189,normal
3190,normal
3191,normal
3192,normal
3193,normal
3194,normal
3195,normal
3196,normal
3197,normal
3198,normal
3199,normal
3200,normal
3201,normal
3202,normal
3203,normal
3204,normal
3205,normal
3206,normal
3207,normal
3208,normal
3209,normal
3210,normal
3211,normal
3212,normal
3213,normal
3214,normal
3215,normal
3216,normal
3217,normal
3218,normal
3219,normal
3220,normal
3221,normal
3222,normal
3223,normal
3224,normal
3225,normal
3226,normal
3227,normal
3228,normal
3229,normal
3230,normal
3231,normal
3232,normal
3233,normal
3234,normal
3235,normal
3236,normal
3237,normal
3238,normal
3239,normal
3240,normal
3241,normal
3242,normal
3243,normal
3244,normal
3245,normal
3246,normal
3247,normal
3248,normal
3249,normal
3250,normal
3251,normal
3252,normal
3253,normal
3254,normal
3255,normal
3256,normal
3257,normal
3258,normal
3259,normal
3260,normal
3261,normal
3262,normal
3263,normal
3264,normal
3265,normal
3266,normal
3267,normal
3268,normal
3269,normal
3270,normal
3271,normal
3272,normal
3273,normal
3274,normal
3275,normal
3276,normal
3277,normal
3278,normal
3279,normal
3280,normal
3281,normal
3282,normal
3283,normal
3284,normal
3285,normal
3286,normal
3287,normal
3288,normal
3289,normal
3290,normal
3291,normal
3292,normal
3293,normal
3294,normal
3295,normal
3296,normal
3297,normal
3298,normal
3299,normal
3300,normal
3301,normal
3302,normal
3303,normal
3304,normal
3305,normal
3306,normal
3307,normal
3308,normal
3309,normal
3310,normal
3311,normal
3312,normal
3313,normal
3314,normal
3315,normal
3316,normal
3317,normal
3318,normal
3319,normal
3320,normal
3321,normal
3322,normal
3323,normal
3324,normal
3325,normal
3326,normal
3327,normal
3328,normal
3329,normal
3330,normal
3331,normal
3332,normal
3333,normal
3334,normal
3335,normal
3336,normal
3337,normal
3338,normal
3339,normal
3340,normal
3341,normal
3342,normal
3343,normal
3344,normal
3345,normal
3346,normal
3347,normal
3348,normal
3349,normal
3350,normal
3351,normal
3352,normal
3353,normal
3354,normal
3355,normal
3356,normal
3357,normal
3358,normal
3359,normal
3360,normal
3361,normal
3362,normal
3363,normal
3364,normal
3365,normal
3366,normal
3367,normal
3368,normal
3369,normal
3370,normal
3371,normal
3372,normal
3373,normal
3374,normal
3375,normal
3376,normal
3377,normal
3378,normal
3379,normal
3380,normal
3381,normal
3382,normal
3383,normal
3384,normal
3385,normal
3386,normal
3387,normal
3388,normal
3389,normal
3390,normal
3391,normal
3392,normal
3393,normal
3394,normal
3395,normal
3396,normal
3397,normal
3398,normal
3399,normal
3400,normal
3401,normal
3402,normal
3403,normal
3404,normal
3405,normal
3406,normal
3407,normal
3408,normal
3409,normal
3410,normal
3411,normal
3412,normal
3413,normal
3414,normal
3415,normal
3416,normal
3417,normal
3418,normal
3419,normal
3420,normal
3421,normal
3422,normal
3423,normal
3424,normal
3425,normal
3426,normal
3427,normal
3428,normal
3429,normal
3430,normal
3431,normal
3432,normal
3433,normal
3434,normal
3435,normal
3436,normal
3437,normal
3438,normal
3439,normal
3440,normal
3441,normal
3442,normal
3443,normal
3444,normal
3445,normal
3446,normal
3447,normal
3448,normal
3449,normal
3450,normal
3451,normal
3452,normal
3453,normal
3454,normal
3455,normal
3456,normal
3457,normal
3458,normal
3459,normal
3460,normal
3461,normal
3462,normal
3463,normal
3464,normal
3465,normal
3466,normal
3467,normal
3468,normal
3469,normal
3470,normal
3471,normal
3472,normal
3473,normal
3474,normal
3475,normal
3476,normal
3477,normal
3478,normal
3479,normal
3480,normal
3481,normal
3482,normal
3483,normal
3484,normal
3485,normal
3486,normal
3487,normal
3488,normal
3489,normal
3490,normal
3491,normal
3492,normal
3493,normal
3494,normal
3495,normal
3496,normal
3497,normal
3498,normal
3499,normal
3500,normal
3501,normal
3502,normal
3503,normal
3504,normal
3505,normal
3506,normal
3507,normal
3508,normal
3509,normal
3510,normal
3511,normal
3512,normal
3513,normal
3514,normal
3515,normal
3516,normal
3517,normal
3518,normal
3519,normal
3520,normal
3521,normal
3522,normal
3523,normal
3524,normal
3525,normal
3526,normal
3527,normal
3528,normal
3529,normal
3530,normal
3531,normal
3532,normal
3533,normal
3534,normal
3535,normal
3536,normal
3537,normal
3538,normal
3539,normal
3540,normal
3541,normal
3542,normal
3543,normal
3544,normal
3545,normal
3546,normal
3547,normal
3548,normal
3549,normal
3550,normal
3551,normal
3552,normal
3553,normal
3554,normal
3555,normal
3556,normal
3557,normal
3558,normal
3559,normal
3560,normal
3561,normal
3562,normal
3563,normal
3564,normal
3565,normal
3566,normal
3567,normal
3568,normal
3569,normal
3570,normal
3571,normal
3572,normal
3573,normal
3574,normal
3575,normal
3576,normal
3577,normal
3578,normal
3579,normal
3580,normal
3581,normal
3582,normal
3583,normal
3584,normal
3585,normal
3586,normal
3587,normal
3588,normal
3589,normal
3590,normal
3591,normal
3592,normal
3593,normal
3594,normal
3595,normal
3596,normal
3597,normal
3598,normal
3599,normal
3600,normal
3601,normal
3602,normal
3603,normal
3604,normal
3605,normal
3606,normal
3607,normal
3608,normal
3609,normal
3610,normal
3611,normal
3612,normal
3613,normal
3614,normal
3615,normal
3616,normal
3617,normal
3618,normal
3619,normal
3620,normal
3621,normal
3622,normal
3623,normal
3624,normal
3625,normal
3626,normal
3627,normal
3628,normal
3629,normal
3630,normal
3631,normal
3632,normal
3633,normal
3634,normal
3635,normal
3636,normal
3637,normal
3638,normal
3639,normal
3640,normal
3641,normal
3642,normal
3643,normal
3644,normal
3645,normal
3646,normal
3647,normal
3648,normal
3649,normal
3650,normal
3651,normal
3652,normal
3653,normal
3654,normal
3655,normal
3656,normal
3657,normal
3658,normal
3659,normal
3660,normal
3661,normal
3662,normal
3663,normal
3664,normal
3665,normal
3666,normal
3667,normal
3668,normal
3669,normal
3670,normal
3671,normal
3672,normal
3673,normal
3674,normal
3675,normal
3676,normal
3677,normal
3678,normal
3679,normal
3680,normal
3681,normal
3682,normal
3683,normal
3684,normal
3685,normal
3686,normal
3687,normal
3688,normal
3689,normal
3690,normal
3691,normal
3692,normal
3693,normal
3694,normal
3695,normal
3696,normal
3697,normal
3698,normal
3699,normal
3700,normal
3701,normal
3702,normal
3703,normal
3704,normal
3705,normal
3706,normal
3707,normal
3708,normal
3709,normal
3710,normal
3711,normal
3712,normal
3713,normal
3714,normal
3715,normal
3716,normal
3717,normal
3718,normal
3719,normal
3720,normal
3721,normal
3722,normal
3723,normal
3724,normal
3725,normal
3726,normal
3727,normal
3728,normal
3729,normal
3730,normal
3731,normal
3732,normal
3733,normal
3734,normal
3735,normal
3736,normal
3737,normal
3738,normal
3739,normal
3740,normal
3741,normal
3742,normal
3743,normal
3744,normal
3745,normal
3746,normal
3747,normal
3748,normal
3749,normal
3750,normal
3751,normal
3752,normal
3753,normal
3754,normal
3755,normal
3756,normal
3757,normal
3758,normal
3759,normal
3760,normal
3761,normal
3762,normal
3763,normal
3764,normal
3765,normal
3766,normal
3767,normal
3768,normal
3769,normal
3770,normal
3771,normal
3772,normal
3773,normal
3774,normal
3775,normal
3776,normal
3777,normal
3778,normal
3779,normal
3780,normal
3781,normal
3782,normal
3783,normal
3784,normal
3785,normal
3786,normal
3787,normal
3788,normal
3789,normal
3790,normal
3791,normal
3792,normal
3793,normal
3794,normal
3795,normal
3796,normal
3797,normal
3798,normal
3799,normal
3800,normal
3801,normal
3802,normal
3803,normal
3804,normal
3805,normal
3806,normal
3807,normal
3808,normal
3809,normal
3810,normal
3811,normal
3812,normal
3813,normal
3814,normal
3815,normal
3816,normal
3817,normal
3818,normal
3819,normal
3820,normal
3821,normal
3822,normal
3823,normal
3824,normal
3825,normal
3826,normal
3827,normal
3828,normal
3829,normal
3830,normal
3831,normal
3832,normal
3833,normal
3834,normal
3835,normal
3836,normal
3837,normal
3838,normal
3839,normal
3840,normal
3841,normal
3842,normal
3843,normal
3844,normal
3845,normal
3846,normal
3847,normal
3848,normal
3849,normal
3850,normal
3851,normal
3852,normal
3853,normal
3854,normal
3855,normal
3856,normal
3857,normal
3858,normal
3859,normal
3860,normal
3861,normal
3862,normal
3863,normal
3864,normal
3865,normal
3866,normal
3867,normal
3868,normal
3869,normal
3870,normal
3871,normal
3872,normal
3873,normal
3874,normal
3875,normal
3876,normal
3877,normal
3878,normal
3879,normal
3880,normal
3881,normal
3882,normal
3883,normal
3884,normal
3885,normal
3886,normal
3887,normal
3888,normal
3889,normal
3890,normal
3891,normal
3892,normal
3893,normal
3894,normal
3895,normal
3896,normal
3897,normal
3898,normal
3899,normal
3900,normal
3901,normal
3902,normal
3903,normal
3904,normal
3905,normal
3906,normal
3907,normal
3908,normal
3909,normal
3910,normal
3911,normal
3912,normal
3913,normal
3914,normal
3915,normal
3916,normal
3917,normal
3918,normal
3919,normal
3920,normal
3921,normal
3922,normal
3923,normal
3924,normal
3925,normal
3926,normal
3927,normal
3928,normal
3929,normal
3930,normal
3931,normal
3932,normal
3933,normal
3934,normal
3935,normal
3936,normal
3937,normal
3938,normal
3939,normal
3940,normal
3941,normal
3942,normal
3943,normal
3944,normal
3945,normal
3946,normal
3947,normal
3948,normal
3949,normal
3950,normal
3951,normal
3952,normal
3953,normal
3954,normal
3955,normal
3956,normal
3957,normal
3958,normal
3959,normal
3960,normal
3961,normal
3962,normal
3963,normal
3964,normal
3965,normal
3966,normal
3967,normal
3968,normal
3969,normal
3970,normal
3971,normal
3972,normal
3973,normal
3974,normal
3975,normal
3976,normal
3977,normal
3978,normal
3979,normal
3980,normal
3981,normal
3982,normal
3983,normal
3984,normal
3985,normal
3986,normal
3987,normal
3988,normal
3989,normal
3990,normal
3991,normal
3992,normal
3993,normal
3994,normal
3995,normal
3996,normal
3997,normal
3998,normal
3999,normal
4000,normal
4001,normal
4002,normal
4003,normal
4004,normal
4005,normal
4006,normal
4007,normal
4008,normal
4009,normal
4010,normal
4011,normal
4012,normal
4013,normal
4014,normal
4015,normal
4016,normal
4017,normal
4018,normal
4019,normal
4020,normal
4021,normal
4022,normal
4023,normal
4024,normal
4025,normal
4026,normal
4027,normal
4028,normal
4029,normal
4030,normal
4031,normal
4032,normal
4033,normal
4034,normal
4035,normal
4036,normal
4037,normal
4038,normal
4039,normal
4040,normal
4041,normal
4042,normal
4043,normal
4044,normal
4045,normal
4046,normal
4047,normal
4048,normal
4049,normal
4050,normal
4051,normal
4052,normal
4053,normal
4054,normal
4055,normal
4056,normal
4057,normal
4058,normal
4059,normal
4060,normal
4061,normal
4062,normal
4063,normal
4064,normal
4065,normal
4066,normal
4067,normal
4068,normal
4069,normal
4070,normal
4071,normal
4072,normal
4073,normal
4074,normal
4075,normal
4076,normal
4077,normal
4078,normal
4079,normal
4080,normal
4081,normal
4082,normal
4083,normal
4084,normal
4085,normal
4086,normal
4087,normal
4088,normal
4089,normal
4090,normal
4091,normal
4092,normal
4093,normal
4094,normal
4095,normal
4096,normal
4097,normal
4098,normal
4099,normal
4100,normal
4101,normal
4102,normal
4103,normal
4104,normal
4105,normal
4106,normal
4107,normal
4108,normal
4109,normal
4110,normal
4111,normal
4112,normal
4113,normal
4114,normal
4115,normal
4116,normal
4117,normal
4118,normal
4119,normal
4120,normal
4121,normal
4122,normal
4123,normal
4124,normal
4125,normal
4126,normal
4127,normal
4128,normal
4129,normal
4130,normal
4131,normal
4132,normal
4133,normal
4134,normal
4135,normal
4136,normal
4137,normal
4138,normal
4139,normal
4140,normal
4141,normal
4142,normal
4143,normal
4144,normal
4145,normal
4146,normal
4147,normal
4148,normal
4149,normal
4150,normal
4151,normal
4152,normal
4153,normal
4154,normal
4155,normal
4156,normal
4157,normal
4158,normal
4159,normal
4160,normal
4161,normal
4162,normal
4163,normal
4164,normal
4165,normal
4166,normal
4167,normal
4168,normal
4169,normal
